epoch;accuracy;loss
0;0.0714285746216774;1.9831733703613281
1;0.5714285969734192;1.507354736328125
2;0.2857142984867096;2.539163827896118
3;0.2857142984867096;2.42905855178833
4;0.0714285746216774;2.5544114112854004
5;0.5714285969734192;1.0501549243927002
6;0.7857142686843872;0.664836049079895
7;0.8571428656578064;0.44643551111221313
8;0.6428571343421936;0.4474549889564514
9;0.8571428656578064;0.33883100748062134
10;0.9285714030265808;0.2046538144350052
11;1.0;0.11317694187164307
12;1.0;0.08697235584259033
13;1.0;0.0707162544131279
14;0.9285714030265808;0.06792326271533966
15;0.9285714030265808;0.11165039241313934
16;0.9285714030265808;0.09100034087896347
17;1.0;0.040536582469940186
18;1.0;0.020450716838240623
19;1.0;0.015439113602042198
20;1.0;0.012122402898967266
21;1.0;0.009811913594603539
22;1.0;0.008129413239657879
23;1.0;0.006857334636151791
24;1.0;0.005869789514690638
25;1.0;0.0050831870175898075
26;1.0;0.004446812905371189
27;1.0;0.003921679221093655
28;1.0;0.0034839853178709745
29;1.0;0.003113269805908203
30;1.0;0.0027965856716036797
31;1.0;0.0025227495934814215
32;1.0;0.002285625087097287
33;1.0;0.0020778703037649393
34;1.0;0.0018945258343592286
35;1.0;0.0017319230828434229
36;1.0;0.0015869777416810393
37;1.0;0.0014576803660020232
38;1.0;0.0013416712172329426
39;1.0;0.0012361628469079733
40;1.0;0.0011416325578466058
41;1.0;0.0010559067595750093
42;1.0;0.0009778428357094526
43;1.0;0.0009066957863979042
44;1.0;0.0008418262004852295
45;1.0;0.0007822376792319119
46;1.0;0.0007277060649357736
47;1.0;0.0006777747767046094
48;1.0;0.0006317432271316648
49;1.0;0.000589284987654537
50;1.0;0.0005500084953382611
51;1.0;0.0005141225992701948
52;1.0;0.0004806695505976677
53;1.0;0.0004498581984080374
54;1.0;0.0004210996557958424
55;1.0;0.0003946978540625423
56;1.0;0.00037007551873102784
57;1.0;0.00034724484430626035
58;1.0;0.00032594401272945106
59;1.0;0.00030615535797551274
60;1.0;0.0002877002698369324
61;1.0;0.0002705015358515084
62;1.0;0.0002544341841712594
63;1.0;0.00023943270207382739
64;1.0;0.00022534832532983273
65;1.0;0.00021214535809122026
66;1.0;0.00019988344865851104
67;1.0;0.00018834220827557147
68;1.0;0.00017753359861671925
69;1.0;0.00016741000581532717
70;1.0;0.0001578999508637935
71;1.0;0.00014893199841026217
72;1.0;0.00014058957458473742
73;1.0;0.0001326522178715095
74;1.0;0.00012519146548584104
75;1.0;0.0001182729029096663
76;1.0;0.00011167009506607428
77;1.0;0.00010549030412221327
78;1.0;9.965014032786712e-05
79;1.0;9.415555541636422e-05
80;1.0;8.901252294890583e-05
81;1.0;8.414357580477372e-05
82;1.0;7.955469482112676e-05
83;1.0;7.52280029701069e-05
84;1.0;7.11515749571845e-05
85;1.0;6.729563028784469e-05
86;1.0;6.36959302937612e-05
87;1.0;6.0275000578258187e-05
88;1.0;5.705072544515133e-05
89;1.0;5.39813881914597e-05
90;1.0;5.1102746510878205e-05
91;1.0;4.8408855946036056e-05
92;1.0;4.583414920489304e-05
93;1.0;4.3420350266387686e-05
94;1.0;4.113766044611111e-05
95;1.0;3.897416536347009e-05
96;1.0;3.694178303703666e-05
97;1.0;3.4992834116565064e-05
98;1.0;3.316307993372902e-05
99;1.0;3.1446565117221326e-05
0;0.0714285746216774;1.9827823638916016
1;0.5714285969734192;1.451941728591919
0;0.0;1.9838587045669556
1;0.5714285969734192;1.475538969039917
0;0.0714285746216774;1.9802887439727783
1;0.5714285969734192;1.3722907304763794
0;0.0;1.9861094951629639
1;0.5714285969734192;1.5202295780181885
0;0.0;1.9840806722640991
1;0.5;1.2958492040634155
0;0.4285714328289032;1.9779475927352905
1;0.5;1.2439340353012085
0;0.0714285746216774;1.9819399118423462
1;0.5714285969734192;1.3917417526245117
0;0.0;1.981724500656128
1;0.5714285969734192;1.3781330585479736
0;0.0;1.9859619140625
1;0.5714285969734192;1.4916293621063232
0;0.0;1.9835271835327148
1;0.5;1.2920656204223633
0;0.0;1.9845041036605835
1;0.5714285969734192;1.4795353412628174
0;0.0714285746216774;1.9856541156768799
1;0.3571428656578064;1.4728443622589111
0;0.0;1.98517644405365
1;0.5714285969734192;1.4630272388458252
0;0.0714285746216774;1.98214852809906
1;0.5714285969734192;1.3562486171722412
0;0.1428571492433548;1.9803965091705322
1;0.3571428656578064;1.159341812133789
0;0.0714285746216774;1.9824559688568115
1;0.5714285969734192;1.4506096839904785
0;0.0;1.9826894998550415
1;0.5;1.459792971611023
0;0.0;1.985284447669983
1;0.3571428656578064;1.4410160779953003
0;0.1428571492433548;1.9817612171173096
1;0.5714285969734192;1.3082199096679688
0;0.0;1.9853599071502686
1;0.5;1.4257898330688477
0;0.0;1.9843908548355103
1;0.5;1.365552306175232
0;0.0714285746216774;1.9826675653457642
1;0.5714285969734192;1.4344192743301392
0;0.0;1.9858394861221313
1;0.5714285969734192;1.412798523902893
0;0.2142857164144516;1.9817949533462524
1;0.5;1.3034818172454834
0;0.0;1.9874261617660522
1;0.5714285969734192;1.2621450424194336
0;0.0714285746216774;1.9824936389923096
1;0.5;1.432968258857727
0;0.0714285746216774;1.9854446649551392
1;0.5714285969734192;1.3734532594680786
0;0.0714285746216774;1.9841235876083374
1;0.5;1.3333593606948853
0;0.0;1.9822654724121094
1;0.2857142984867096;1.4519667625427246
0;0.1428571492433548;1.9835102558135986
1;0.5;1.3082778453826904
0;0.0;1.9843041896820068
1;0.5714285969734192;1.3448740243911743
0;0.0;1.983529806137085
1;0.5;1.2764103412628174
0;0.0;1.984384536743164
1;0.5;1.230080485343933
0;0.0;1.9853239059448242
1;0.5714285969734192;1.40897536277771
2;0.2857142984867096;2.872493267059326
3;0.2857142984867096;2.496774196624756
4;0.1428571492433548;2.1148297786712646
5;0.3571428656578064;1.9860719442367554
6;0.5714285969734192;0.9613488912582397
7;0.7857142686843872;0.6177190542221069
8;0.5714285969734192;0.5396926403045654
9;0.7857142686843872;0.42912769317626953
10;0.7857142686843872;0.35013866424560547
11;0.8571428656578064;0.25487348437309265
12;0.9285714030265808;0.17229829728603363
13;0.9285714030265808;0.1347362995147705
14;0.9285714030265808;0.11047832667827606
15;0.9285714030265808;0.08994622528553009
16;0.9285714030265808;0.07546613365411758
17;0.9285714030265808;0.07183393836021423
18;0.9285714030265808;0.06999865919351578
19;0.9285714030265808;0.058630120009183884
0;0.1428571492433548;1.9844398498535156
1;0.6428571343421936;1.5323151350021362
2;0.2857142984867096;2.7217745780944824
3;0.2857142984867096;2.0182833671569824
4;0.3571428656578064;1.2366434335708618
5;0.2857142984867096;0.9941875338554382
6;0.0;3.963329315185547
7;0.6428571343421936;0.5459186434745789
8;1.0;0.24763862788677216
9;0.9285714030265808;0.1717812865972519
10;1.0;0.09348338842391968
11;1.0;0.061142850667238235
12;1.0;0.043972112238407135
13;1.0;0.033104900270700455
14;1.0;0.02586330473423004
15;1.0;0.020884210243821144
16;1.0;0.017272602766752243
17;1.0;0.014522971585392952
18;1.0;0.012385975569486618
19;1.0;0.01068640686571598
0;0.0714285746216774;1.9791505336761475
1;0.5714285969734192;1.1850250959396362
2;0.2857142984867096;1.7067941427230835
3;0.3571428656578064;2.81821870803833
4;0.2857142984867096;2.443845748901367
5;0.1428571492433548;1.8030515909194946
6;0.5714285969734192;0.838333010673523
7;0.6428571343421936;0.5900968909263611
8;0.7857142686843872;0.4563755989074707
9;0.7857142686843872;0.39379701018333435
10;0.7857142686843872;0.33702901005744934
11;0.7857142686843872;0.35843130946159363
12;0.8571428656578064;0.2831607460975647
13;0.9285714030265808;0.2062215358018875
14;0.7857142686843872;0.28983074426651
15;0.8571428656578064;0.32600411772727966
16;0.7857142686843872;0.34869471192359924
17;0.8571428656578064;0.16890564560890198
18;0.9285714030265808;0.10924949496984482
19;0.9285714030265808;0.07072684913873672
0;0.0;1.9852981567382812
1;0.5714285969734192;1.509832739830017
2;0.2857142984867096;1.9654819965362549
3;0.2857142984867096;2.396650791168213
4;0.1428571492433548;2.3734889030456543
5;0.2857142984867096;1.0698586702346802
6;0.2857142984867096;2.2376904487609863
7;0.7142857313156128;0.6786751747131348
8;0.7142857313156128;0.5565685033798218
9;0.8571428656578064;0.3405791223049164
10;1.0;0.17267677187919617
11;1.0;0.11826741695404053
12;1.0;0.08576130867004395
13;0.9285714030265808;0.10197789967060089
14;0.9285714030265808;0.23633015155792236
15;0.9285714030265808;0.07989577203989029
16;1.0;0.05159451812505722
17;1.0;0.03626428544521332
18;1.0;0.025464672595262527
19;1.0;0.01914350874722004
0;0.0714285746216774;1.9870765209197998
1;0.5714285969734192;1.4398009777069092
2;0.2857142984867096;2.3754425048828125
3;0.2857142984867096;2.2967734336853027
4;0.1428571492433548;2.5559682846069336
5;0.5714285969734192;0.9133245348930359
6;0.6428571343421936;0.6954120397567749
7;0.8571428656578064;0.373916894197464
8;0.0;4.956334114074707
9;1.0;0.24497659504413605
10;1.0;0.16150495409965515
11;1.0;0.10539698600769043
12;1.0;0.056330323219299316
13;1.0;0.04018512740731239
14;1.0;0.033186253160238266
15;1.0;0.028770606964826584
16;1.0;0.0198084507137537
17;1.0;0.013434385880827904
18;1.0;0.011480823159217834
19;1.0;0.009938186034560204
0;0.0714285746216774;1.9806731939315796
1;0.5;1.3101341724395752
2;0.2857142984867096;2.235600233078003
3;0.3571428656578064;2.415557861328125
4;0.1428571492433548;2.0829052925109863
5;0.3571428656578064;1.849586844444275
6;0.7142857313156128;0.5774664878845215
7;0.9285714030265808;0.2987422049045563
8;0.8571428656578064;0.2649119198322296
9;0.9285714030265808;0.16906507313251495
10;0.9285714030265808;0.17593681812286377
11;1.0;0.07801210880279541
12;1.0;0.05177266523241997
13;1.0;0.046643875539302826
14;0.9285714030265808;0.055467914789915085
15;1.0;0.027898257598280907
16;1.0;0.011407765559852123
17;1.0;0.009286266751587391
18;1.0;0.007914959453046322
19;1.0;0.006880074739456177
0;0.0;1.9825077056884766
1;0.5;1.4253968000411987
2;0.2857142984867096;2.121845245361328
3;0.4285714328289032;2.453873872756958
4;0.0714285746216774;2.6659939289093018
5;0.2142857164144516;2.276299476623535
6;0.7142857313156128;1.0058858394622803
7;0.6428571343421936;0.7406448721885681
8;0.8571428656578064;0.5074072480201721
9;0.8571428656578064;0.39418825507164
10;0.7857142686843872;0.3452000617980957
11;0.7857142686843872;0.3159027397632599
12;0.8571428656578064;0.2865365147590637
13;0.8571428656578064;0.2387346774339676
14;0.9285714030265808;0.1978483945131302
15;0.9285714030265808;0.1694207489490509
16;1.0;0.14965488016605377
17;0.8571428656578064;0.18011429905891418
18;0.9285714030265808;0.2463243305683136
19;0.9285714030265808;0.13242128491401672
20;0.9285714030265808;0.135544553399086
21;0.8571428656578064;0.20012061297893524
22;0.9285714030265808;0.12297026813030243
23;1.0;0.06287557631731033
24;1.0;0.04405786097049713
25;1.0;0.033215075731277466
26;1.0;0.02583695389330387
27;1.0;0.020460914820432663
28;1.0;0.016445046290755272
29;1.0;0.013464262709021568
30;1.0;0.01120095793157816
31;1.0;0.009315552189946175
32;1.0;0.007842076011002064
33;1.0;0.006740284152328968
34;1.0;0.005899172741919756
35;1.0;0.005219648126512766
36;1.0;0.004653577227145433
37;1.0;0.004176665097475052
38;1.0;0.003766563953831792
39;1.0;0.0034112329594790936
40;1.0;0.0031006804201751947
41;1.0;0.0028278916142880917
42;1.0;0.002586179180070758
43;1.0;0.0023716106079518795
44;1.0;0.002179363276809454
45;1.0;0.0020068977028131485
46;1.0;0.001852018991485238
47;1.0;0.0017114371294155717
48;1.0;0.0015844391891732812
49;1.0;0.001468521892093122
50;1.0;0.0013634540373459458
51;1.0;0.0012678559869527817
52;1.0;0.0011794024612754583
53;1.0;0.0010990133741870522
54;1.0;0.0010248168837279081
55;1.0;0.0009565679356455803
56;1.0;0.0008940201951190829
57;1.0;0.0008359163766726851
58;1.0;0.0007822283660061657
59;1.0;0.000732560409232974
60;1.0;0.0006864138995297253
61;1.0;0.0006433798698708415
62;1.0;0.0006034414982423186
63;1.0;0.0005661713657900691
64;1.0;0.0005314571317285299
65;1.0;0.000499192567076534
66;1.0;0.00046884818584658206
67;1.0;0.0004406686930451542
68;1.0;0.0004141960816923529
69;1.0;0.00038956766366027296
70;1.0;0.0003664682153612375
71;1.0;0.0003450052463449538
72;1.0;0.00032477977219969034
73;1.0;0.00030586376669816673
74;1.0;0.0002881500113289803
75;1.0;0.0002715076261665672
76;1.0;0.0002559844288043678
77;1.0;0.00024136612773872912
78;1.0;0.00022762303706258535
79;1.0;0.00021474323875736445
80;1.0;0.00020267329819034785
81;1.0;0.00019122264347970486
82;1.0;0.00018055808322969824
83;1.0;0.0001704711903585121
84;1.0;0.0001609262399142608
85;1.0;0.0001520603254903108
86;1.0;0.0001435815211152658
87;1.0;0.00013571034651249647
88;1.0;0.00012820246047340333
89;1.0;0.00012114735000068322
90;1.0;0.0001145747592090629
91;1.0;0.0001083357710740529
92;1.0;0.00010246616147924215
93;1.0;9.690038132248446e-05
94;1.0;9.167419921141118e-05
95;1.0;8.676975267007947e-05
96;1.0;8.21334178908728e-05
97;1.0;7.775329140713438e-05
98;1.0;7.362936594290659e-05
99;1.0;6.96961214998737e-05
0;0.0714285746216774;1.9849355220794678
1;0.5714285969734192;1.4991563558578491
2;0.2857142984867096;3.1423120498657227
3;0.2857142984867096;2.1611523628234863
4;0.0714285746216774;2.442314624786377
5;0.6428571343421936;0.8234642148017883
6;0.5714285969734192;0.7529001832008362
7;0.7857142686843872;0.3556956946849823
8;0.9285714030265808;0.2411801815032959
9;0.8571428656578064;0.35019224882125854
10;0.7857142686843872;1.0506556034088135
11;1.0;0.08879845589399338
12;0.9285714030265808;0.0728783905506134
13;0.9285714030265808;0.10210780799388885
14;0.9285714030265808;0.14225172996520996
15;0.9285714030265808;0.06516853719949722
16;1.0;0.035659726709127426
17;1.0;0.022362980991601944
18;1.0;0.01691383309662342
19;1.0;0.01347990520298481
20;1.0;0.011066194623708725
21;1.0;0.009300874546170235
22;1.0;0.007955942302942276
23;1.0;0.006903049536049366
24;1.0;0.006055661477148533
25;1.0;0.005357935093343258
26;1.0;0.004774809814989567
27;1.0;0.004281508270651102
28;1.0;0.0038593155331909657
29;1.0;0.0034932245034724474
30;1.0;0.0031732753850519657
31;1.0;0.002893035067245364
32;1.0;0.0026435621548444033
33;1.0;0.0024225423112511635
34;1.0;0.0022243596613407135
35;1.0;0.0020466952119022608
36;1.0;0.0018865842139348388
37;1.0;0.0017410846194252372
38;1.0;0.0016096994513645768
39;1.0;0.001489696791395545
40;1.0;0.0013799149310216308
41;1.0;0.001280499156564474
42;1.0;0.001188822672702372
43;1.0;0.0011045264545828104
44;1.0;0.0010276876855641603
45;1.0;0.0009563692728988826
46;1.0;0.0008911456097848713
47;1.0;0.0008306739619001746
48;1.0;0.0007753550889901817
49;1.0;0.0007237741956487298
50;1.0;0.0006764264544472098
51;1.0;0.0006325451540760696
52;1.0;0.0005918514216318727
53;1.0;0.0005541018908843398
54;1.0;0.0005191602976992726
55;1.0;0.0004867352545261383
56;1.0;0.00045648208470083773
57;1.0;0.0004283175803720951
58;1.0;0.0004020516644231975
59;1.0;0.00037773806252516806
60;1.0;0.0003548411186784506
61;1.0;0.00033352168975397944
62;1.0;0.0003137265157420188
63;1.0;0.0002950803027488291
64;1.0;0.000277690589427948
65;1.0;0.00026136665837839246
66;1.0;0.0002460491668898612
67;1.0;0.000231714264373295
68;1.0;0.00021832638594787568
69;1.0;0.00020571277127601206
70;1.0;0.0001939688081620261
71;1.0;0.00018286808335687965
72;1.0;0.0001724166504573077
73;1.0;0.00016259071708191186
74;1.0;0.00015343198901973665
75;1.0;0.0001447975228074938
76;1.0;0.00013665153528563678
77;1.0;0.0001290238869842142
78;1.0;0.00012178348697489128
79;1.0;0.0001150435782619752
80;1.0;0.0001086730626411736
81;1.0;0.00010268387995893136
82;1.0;9.704625699669123e-05
83;1.0;9.171249985229224e-05
84;1.0;8.670052193338051e-05
85;1.0;8.196262933779508e-05
86;1.0;7.753460522508249e-05
87;1.0;7.33270644559525e-05
88;1.0;6.934596603969112e-05
89;1.0;6.560917245224118e-05
90;1.0;6.205115641932935e-05
91;1.0;5.873747795703821e-05
92;1.0;5.5608543334528804e-05
93;1.0;5.26583862665575e-05
94;1.0;4.98512526974082e-05
95;1.0;4.719310163636692e-05
96;1.0;4.471373904380016e-05
97;1.0;4.2317806219216436e-05
98;1.0;4.009471012977883e-05
99;1.0;3.797292447416112e-05
0;0.1428571492433548;1.9824657440185547
1;0.2857142984867096;1.3122614622116089
2;0.2857142984867096;2.4721486568450928
3;0.3571428656578064;2.3557960987091064
4;0.0714285746216774;2.6751413345336914
5;0.7857142686843872;0.864974319934845
6;0.5714285969734192;0.6969196200370789
7;0.6428571343421936;0.8053332567214966
8;0.7142857313156128;0.41732722520828247
9;0.8571428656578064;0.29556089639663696
10;0.9285714030265808;0.2243693619966507
11;0.9285714030265808;0.18288400769233704
12;0.7857142686843872;0.23029041290283203
13;0.8571428656578064;0.19081319868564606
14;0.8571428656578064;0.17982876300811768
15;1.0;0.1000807136297226
16;1.0;0.06977160274982452
17;1.0;0.056233666837215424
18;1.0;0.049177780747413635
19;1.0;0.04429156333208084
20;1.0;0.04221050441265106
21;1.0;0.028406929224729538
22;1.0;0.015626154839992523
23;1.0;0.012060911394655704
24;1.0;0.010210607200860977
25;1.0;0.008739558979868889
26;1.0;0.00752061465755105
27;1.0;0.006501752883195877
28;1.0;0.00568135641515255
29;1.0;0.005002644378691912
30;1.0;0.004430611617863178
31;1.0;0.003939763177186251
32;1.0;0.0035163573920726776
33;1.0;0.003147335024550557
34;1.0;0.002824628259986639
35;1.0;0.0025437921285629272
36;1.0;0.0022985159885138273
37;1.0;0.0020850542932748795
38;1.0;0.001898174174129963
39;1.0;0.0017332170391455293
40;1.0;0.001586946309544146
41;1.0;0.0014564655721187592
42;1.0;0.0013398666633293033
43;1.0;0.0012348799500614405
44;1.0;0.0011402027448639274
45;1.0;0.0010545534314587712
46;1.0;0.000976676819846034
47;1.0;0.0009058583527803421
48;1.0;0.0008414533804170787
49;1.0;0.0007821081089787185
50;1.0;0.0007280452991835773
51;1.0;0.0006783149437978864
52;1.0;0.0006324832211248577
53;1.0;0.0005902368575334549
54;1.0;0.0005509988404810429
55;1.0;0.0005148653290234506
56;1.0;0.0004812893457710743
57;1.0;0.00045027752639725804
58;1.0;0.00042121089063584805
59;1.0;0.00039426860166713595
60;1.0;0.0003692246973514557
61;1.0;0.0003458888386376202
62;1.0;0.00032413628650829196
63;1.0;0.0003038778086192906
64;1.0;0.0002850184391718358
65;1.0;0.0002672604168765247
66;1.0;0.00025091361021623015
67;1.0;0.00023558500106446445
68;1.0;0.00022129257558844984
69;1.0;0.0002079768164549023
70;1.0;0.00019547692500054836
71;1.0;0.00018381682457402349
72;1.0;0.00017293101700488478
73;1.0;0.00016265273734461516
74;1.0;0.00015313691983465105
75;1.0;0.00014424063556361943
76;1.0;0.00013579701771959662
77;1.0;0.00012794320355169475
78;1.0;0.00012053023237967864
79;1.0;0.00011360577627783641
80;1.0;0.00010712818766478449
81;1.0;0.00010102592932526022
82;1.0;9.522155596641824e-05
83;1.0;8.988792251329869e-05
84;1.0;8.481643453706056e-05
85;1.0;8.002499816939235e-05
86;1.0;7.557320350315422e-05
87;1.0;7.135380292311311e-05
88;1.0;6.739063246641308e-05
89;1.0;6.364793080138043e-05
90;1.0;6.0149563068989664e-05
91;1.0;5.682399932993576e-05
92;1.0;5.3683168516727164e-05
93;1.0;5.070323095424101e-05
94;1.0;4.795572021976113e-05
95;1.0;4.532738967100158e-05
96;1.0;4.284208262106404e-05
97;1.0;4.050576899317093e-05
98;1.0;3.832440052065067e-05
99;1.0;3.621454743552022e-05
0;0.2857142984867096;1.9780353307724
1;0.5714285969734192;1.2021852731704712
2;0.2857142984867096;3.3106415271759033
3;0.3571428656578064;2.3926706314086914
4;0.0;3.9387385845184326
5;0.0714285746216774;1.6288458108901978
6;0.5714285969734192;0.7574466466903687
7;0.7857142686843872;0.5200835466384888
8;0.9285714030265808;0.3260315954685211
9;0.8571428656578064;0.2970336675643921
10;0.8571428656578064;0.27767476439476013
11;0.7857142686843872;0.3160320520401001
12;0.9285714030265808;0.1706486940383911
13;1.0;0.11475127935409546
14;1.0;0.09801504760980606
15;1.0;0.08876923471689224
16;1.0;0.08041424304246902
17;1.0;0.07080201059579849
18;1.0;0.05793163925409317
19;1.0;0.042067013680934906
20;1.0;0.028836842626333237
21;1.0;0.026977691799402237
22;0.9285714030265808;0.12319695949554443
23;0.9285714030265808;0.2280118763446808
24;1.0;0.03911357372999191
25;1.0;0.025804784148931503
26;1.0;0.019138937816023827
27;1.0;0.014998485334217548
28;1.0;0.012199247255921364
29;1.0;0.010183565318584442
30;1.0;0.00866101123392582
31;1.0;0.0074707744643092155
32;1.0;0.006511860527098179
33;1.0;0.005727916955947876
34;1.0;0.005074766464531422
35;1.0;0.0045235068537294865
36;1.0;0.004053045064210892
37;1.0;0.0036484221927821636
38;1.0;0.003297062125056982
39;1.0;0.0029896521009504795
40;1.0;0.0027198814786970615
41;1.0;0.0024804086424410343
42;1.0;0.002268741140142083
43;1.0;0.002078777877613902
44;1.0;0.0019095910247415304
45;1.0;0.0017566143069416285
46;1.0;0.001619496732018888
47;1.0;0.0014953439822420478
48;1.0;0.0013827923685312271
49;1.0;0.001281150383874774
50;1.0;0.0011879581725224853
51;1.0;0.0011035926872864366
52;1.0;0.0010261780116707087
53;1.0;0.000955109135247767
54;1.0;0.0008900695247575641
55;1.0;0.0008303442737087607
56;1.0;0.0007749018841423094
57;1.0;0.0007241553394123912
58;1.0;0.0006771013140678406
59;1.0;0.0006337298545986414
60;1.0;0.000593227450735867
61;1.0;0.00055582111235708
62;1.0;0.0005210892995819449
63;1.0;0.0004887354443781078
64;1.0;0.0004586171417031437
65;1.0;0.00043070520041510463
66;1.0;0.0004045179521199316
67;1.0;0.00038015705649740994
68;1.0;0.0003573726280592382
69;1.0;0.0003360460395924747
70;1.0;0.0003161118656862527
71;1.0;0.0002974930393975228
72;1.0;0.00027998717268928885
73;1.0;0.00026371952844783664
74;1.0;0.00024844607105478644
75;1.0;0.00023399409838020802
76;1.0;0.00022052456915844232
77;1.0;0.00020788268011528999
78;1.0;0.00019597918435465544
79;1.0;0.0001848737010732293
80;1.0;0.00017433991888538003
81;1.0;0.00016449698887299746
82;1.0;0.00015528543735854328
83;1.0;0.00014653844118583947
84;1.0;0.00013835137360729277
85;1.0;0.00013062890502624214
86;1.0;0.00012343069829512388
87;1.0;0.00011656012065941468
88;1.0;0.00011011251626769081
89;1.0;0.000104052152892109
90;1.0;9.833136573433876e-05
91;1.0;9.294423216488212e-05
92;1.0;8.784308010945097e-05
93;1.0;8.308155520353466e-05
94;1.0;7.852260023355484e-05
95;1.0;7.428541721310467e-05
96;1.0;7.028060645097867e-05
97;1.0;6.650818977504969e-05
98;1.0;6.289665179792792e-05
99;1.0;5.9499619965208694e-05
0;0.0714285746216774;1.9833027124404907
1;0.5714285969734192;1.3867876529693604
2;0.2857142984867096;3.0075552463531494
3;0.2857142984867096;2.358670711517334
4;0.0714285746216774;1.875226616859436
5;0.5714285969734192;1.1502071619033813
6;0.5714285969734192;0.8659374117851257
7;0.8571428656578064;0.5388140678405762
8;0.7857142686843872;0.4098333418369293
9;0.7857142686843872;0.32310813665390015
10;0.7857142686843872;0.3564141094684601
11;0.8571428656578064;0.18083812296390533
12;1.0;0.09708774089813232
13;1.0;0.07238569110631943
14;0.9285714030265808;0.0729559063911438
15;0.9285714030265808;0.08406403660774231
16;0.9285714030265808;0.07142932713031769
17;1.0;0.021688252687454224
18;1.0;0.015538024716079235
19;1.0;0.01250620000064373
20;1.0;0.010426146909594536
21;1.0;0.008872662670910358
22;1.0;0.007659493945538998
23;1.0;0.006685257889330387
24;1.0;0.0058894166722893715
25;1.0;0.005225218366831541
26;1.0;0.0046626003459095955
27;1.0;0.0041825114749372005
28;1.0;0.0037676370702683926
29;1.0;0.003408122807741165
30;1.0;0.0030924868769943714
31;1.0;0.002814133185893297
32;1.0;0.0025681310798972845
33;1.0;0.0023481508251279593
34;1.0;0.0021528026554733515
35;1.0;0.0019770911894738674
36;1.0;0.0018195712473243475
37;1.0;0.0016766516491770744
38;1.0;0.0015478242421522737
39;1.0;0.0014312093844637275
40;1.0;0.0013246063608676195
41;1.0;0.0012272369349375367
42;1.0;0.0011388447601348162
43;1.0;0.0010575199266895652
44;1.0;0.0009830642957240343
45;1.0;0.0009144460782408714
46;1.0;0.0008514646324329078
47;1.0;0.000793366867583245
48;1.0;0.0007395001593977213
49;1.0;0.0006898833089508116
50;1.0;0.0006437200936488807
51;1.0;0.0006012079538777471
52;1.0;0.0005616156267933547
53;1.0;0.0005248365923762321
54;1.0;0.0004906511167064309
55;1.0;0.0004591252072714269
56;1.0;0.0004297412815503776
57;1.0;0.0004024582449346781
58;1.0;0.00037700808024965227
59;1.0;0.0003533377021085471
60;1.0;0.00033142344909720123
61;1.0;0.000311069015879184
62;1.0;0.0002919051330536604
63;1.0;0.0002742359065450728
64;1.0;0.0002576026599854231
65;1.0;0.00024213064170908183
66;1.0;0.0002277484891237691
67;1.0;0.00021419409313239157
68;1.0;0.00020155093807261437
69;1.0;0.00018971782992593944
70;1.0;0.00017864114488475025
71;1.0;0.00016824353951960802
72;1.0;0.00015844753943383694
73;1.0;0.0001493366144131869
74;1.0;0.000140738018671982
75;1.0;0.00013265173765830696
76;1.0;0.00012508375220932066
77;1.0;0.00011787920084316283
78;1.0;0.00011123470176244155
79;1.0;0.00010485828534001485
80;1.0;9.889894863590598e-05
81;1.0;9.332690387964249e-05
82;1.0;8.802894444670528e-05
83;1.0;8.308850374305621e-05
84;1.0;7.838640158297494e-05
85;1.0;7.401799666695297e-05
86;1.0;6.986410880926996e-05
87;1.0;6.595451850444078e-05
88;1.0;6.231311272131279e-05
89;1.0;5.886835424462333e-05
90;1.0;5.5632157454965636e-05
91;1.0;5.260454418021254e-05
92;1.0;4.972591341356747e-05
93;1.0;4.7008186811581254e-05
94;1.0;4.4445401726989076e-05
95;1.0;4.204948345432058e-05
96;1.0;3.97965959564317e-05
97;1.0;3.762118285521865e-05
98;1.0;3.560071490937844e-05
99;1.0;3.370540798641741e-05
0;0.0;1.981328010559082
1;0.5;1.399986743927002
2;0.2857142984867096;3.0017523765563965
3;0.2857142984867096;2.153931140899658
4;0.0714285746216774;2.209967851638794
5;0.5714285969734192;1.1134400367736816
6;0.5714285969734192;0.6700987219810486
7;0.7857142686843872;0.5150915384292603
8;0.8571428656578064;0.3737039268016815
9;0.9285714030265808;0.2419392168521881
10;0.8571428656578064;0.17280137538909912
11;0.9285714030265808;0.11338616907596588
12;0.9285714030265808;0.07754641771316528
13;0.9285714030265808;0.07683520019054413
14;0.9285714030265808;0.08118341863155365
15;1.0;0.05434641242027283
16;1.0;0.022261131554841995
17;1.0;0.01662660390138626
18;1.0;0.013554073870182037
19;1.0;0.011344261467456818
20;1.0;0.009648825041949749
21;1.0;0.008307019248604774
22;1.0;0.0072225285694003105
23;1.0;0.006328610237687826
24;1.0;0.005581625737249851
25;1.0;0.004950327333062887
26;1.0;0.004414151888340712
27;1.0;0.003956775180995464
28;1.0;0.0035650371573865414
29;1.0;0.003225122345611453
30;1.0;0.0029296521097421646
31;1.0;0.002669783541932702
32;1.0;0.002439286559820175
33;1.0;0.0022352440282702446
34;1.0;0.0020527776796370745
35;1.0;0.0018884403398260474
36;1.0;0.0017408791463822126
37;1.0;0.0016071237623691559
38;1.0;0.0014859389048069715
39;1.0;0.001375700579956174
40;1.0;0.001275156973861158
41;1.0;0.001183077460154891
42;1.0;0.0010987119749188423
43;1.0;0.0010212911292910576
44;1.0;0.0009505393099971116
45;1.0;0.0008847874705679715
46;1.0;0.0008245609933510423
47;1.0;0.0007686897879466414
48;1.0;0.0007169730379246175
49;1.0;0.0006694356561638415
50;1.0;0.0006253527826629579
51;1.0;0.0005843799444846809
52;1.0;0.0005462081753648818
53;1.0;0.0005107728647999465
54;1.0;0.00047822334454394877
55;1.0;0.00044777398579753935
56;1.0;0.0004194132925476879
57;1.0;0.00039304629899561405
58;1.0;0.00036839343374595046
59;1.0;0.0003454966063145548
60;1.0;0.00032400459167547524
61;1.0;0.0003040724841412157
62;1.0;0.00028537274920381606
63;1.0;0.00026792343123815954
64;1.0;0.0002515578526072204
65;1.0;0.00023628205235581845
66;1.0;0.00022193526092451066
67;1.0;0.00020854733884334564
68;1.0;0.0001960409281309694
69;1.0;0.0001843743957579136
70;1.0;0.00017347621906083077
71;1.0;0.00016330480866599828
72;1.0;0.0001536933268653229
73;1.0;0.00014474907948169857
74;1.0;0.00013636481889989227
75;1.0;0.00012857634283136576
76;1.0;0.00012114531273255125
77;1.0;0.00011425647244323045
78;1.0;0.00010772511450340971
79;1.0;0.00010162869148189202
80;1.0;9.58778546191752e-05
81;1.0;9.04904882190749e-05
82;1.0;8.545468881493434e-05
83;1.0;8.070490002864972e-05
84;1.0;7.625305443070829e-05
85;1.0;7.205147994682193e-05
86;1.0;6.804057920817286e-05
87;1.0;6.433956878026947e-05
88;1.0;6.082328764023259e-05
89;1.0;5.7509612815920264e-05
90;1.0;5.441047687781975e-05
91;1.0;5.141860310686752e-05
92;1.0;4.8665115173207596e-05
93;1.0;4.603081470122561e-05
94;1.0;4.358721344033256e-05
95;1.0;4.1244922613259405e-05
96;1.0;3.906951315002516e-05
97;1.0;3.7007332139182836e-05
98;1.0;3.5010696592507884e-05
99;1.0;3.315114736324176e-05
0;0.0714285746216774;1.9832760095596313
1;0.5;1.2747838497161865
2;0.2857142984867096;2.551008462905884
3;0.3571428656578064;2.2817015647888184
4;0.0714285746216774;2.0302371978759766
5;0.5714285969734192;0.8888531923294067
6;0.3571428656578064;0.909671425819397
7;0.7857142686843872;0.523853600025177
8;0.7857142686843872;0.35387566685676575
9;0.8571428656578064;0.3170340657234192
10;0.7857142686843872;0.30275672674179077
11;0.7857142686843872;0.29272159934043884
12;0.7857142686843872;0.3011021316051483
13;0.9285714030265808;0.2704564929008484
14;1.0;0.1935570240020752
15;0.8571428656578064;0.1772775948047638
16;0.7857142686843872;0.32394543290138245
17;0.8571428656578064;0.27521586418151855
18;0.9285714030265808;0.14907899498939514
19;1.0;0.10207958519458771
20;1.0;0.07120867073535919
21;1.0;0.047759152948856354
22;1.0;0.03742509335279465
23;1.0;0.04676535725593567
24;0.9285714030265808;0.07104164361953735
25;1.0;0.029659923166036606
26;1.0;0.008489531464874744
27;1.0;0.006446242332458496
28;1.0;0.005218054633587599
29;1.0;0.004334984812885523
30;1.0;0.0036481046117842197
31;1.0;0.0031107997056096792
32;1.0;0.002684785984456539
33;1.0;0.002342074178159237
34;1.0;0.0020636464469134808
35;1.0;0.0018327489960938692
36;1.0;0.0016384090995416045
37;1.0;0.0014717938611283898
38;1.0;0.001328151673078537
39;1.0;0.0012023505987599492
40;1.0;0.00109192100353539
41;1.0;0.0009939251467585564
42;1.0;0.0009071555687114596
43;1.0;0.0008304009097628295
44;1.0;0.0007615086506120861
45;1.0;0.0006996087031438947
46;1.0;0.0006442164303734899
47;1.0;0.0005942513816989958
48;1.0;0.000549108546692878
49;1.0;0.0005083907744847238
50;1.0;0.0004714084789156914
51;1.0;0.0004375851131044328
52;1.0;0.0004070524009875953
53;1.0;0.0003789773036260158
54;1.0;0.000353074399754405
55;1.0;0.00032929045846685767
56;1.0;0.00030735781183466315
57;1.0;0.00028705043951049447
58;1.0;0.00026827913825400174
59;1.0;0.0002509428304620087
60;1.0;0.00023470213636755943
61;1.0;0.00021978358563501388
62;1.0;0.00020585957099683583
63;1.0;0.00019285867165308446
64;1.0;0.00018080486916005611
65;1.0;0.0001695730461506173
66;1.0;0.00015909179637674242
67;1.0;0.0001493253803346306
68;1.0;0.0001402857742505148
69;1.0;0.00013181807298678905
70;1.0;0.0001238805998582393
71;1.0;0.00011649719817796722
72;1.0;0.0001095844927476719
73;1.0;0.00010319014836568385
74;1.0;9.7200958407484e-05
75;1.0;9.156331361737102e-05
76;1.0;8.630702359369025e-05
77;1.0;8.140229329001158e-05
78;1.0;7.675974484300241e-05
79;1.0;7.251049828482792e-05
80;1.0;6.844000745331869e-05
81;1.0;6.464363832492381e-05
82;1.0;6.109755486249924e-05
83;1.0;5.776599937235005e-05
84;1.0;5.465493813971989e-05
85;1.0;5.1698814786504954e-05
86;1.0;4.889764386462048e-05
87;1.0;4.629909381037578e-05
88;1.0;4.384952990221791e-05
89;1.0;4.152511974098161e-05
90;1.0;3.9361617382382974e-05
91;1.0;3.727559305843897e-05
92;1.0;3.535048017511144e-05
93;1.0;3.348496466060169e-05
94;1.0;3.176248355885036e-05
95;1.0;3.012344313901849e-05
96;1.0;2.85797577816993e-05
97;1.0;2.712547211558558e-05
98;1.0;2.5724822990014218e-05
99;1.0;2.441953620291315e-05
0;0.1428571492433548;1.979278802871704
1;0.3571428656578064;1.3348668813705444
2;0.2857142984867096;3.2117812633514404
3;0.3571428656578064;2.4412455558776855
4;0.0714285746216774;2.7622077465057373
5;0.7142857313156128;0.830303966999054
6;0.7142857313156128;0.6954150795936584
7;0.8571428656578064;0.3733024001121521
8;0.8571428656578064;0.32300522923469543
9;0.8571428656578064;0.32398703694343567
10;1.0;0.14602743089199066
11;1.0;0.07715536653995514
12;1.0;0.05565823242068291
13;1.0;0.03946378454566002
14;0.9285714030265808;0.05659019947052002
15;0.9285714030265808;0.1711435317993164
16;1.0;0.050270505249500275
17;1.0;0.014157706871628761
18;1.0;0.010826404206454754
19;1.0;0.00891842506825924
20;1.0;0.007565981242805719
21;1.0;0.006535017397254705
22;1.0;0.005714286118745804
23;1.0;0.0050442093051970005
24;1.0;0.004486176650971174
25;1.0;0.004013457801192999
26;1.0;0.0036097359843552113
27;1.0;0.0032604492735117674
28;1.0;0.002955738455057144
29;1.0;0.002687860745936632
30;1.0;0.002451607957482338
31;1.0;0.0022418969310820103
32;1.0;0.002054614247754216
33;1.0;0.0018867483595386147
34;1.0;0.0017363924998790026
35;1.0;0.0016003729542717338
36;1.0;0.0014776171883568168
37;1.0;0.0013660857221111655
38;1.0;0.0012649379204958677
39;1.0;0.0011725749354809523
40;1.0;0.0010883660288527608
41;1.0;0.0010113876778632402
42;1.0;0.0009406678145751357
43;1.0;0.0008760785567574203
44;1.0;0.0008163130842149258
45;1.0;0.0007612482295371592
46;1.0;0.0007105882978066802
47;1.0;0.0006637150654569268
48;1.0;0.0006201955256983638
49;1.0;0.0005798814236186445
50;1.0;0.0005425058188848197
51;1.0;0.0005078964750282466
52;1.0;0.0004756610724143684
53;1.0;0.0004456331371329725
54;1.0;0.0004177180235274136
55;1.0;0.0003915584529750049
56;1.0;0.0003673394676297903
57;1.0;0.0003445311449468136
58;1.0;0.00032346724765375257
59;1.0;0.0003035881381947547
60;1.0;0.0002850367745850235
61;1.0;0.00026785506634041667
62;1.0;0.00025163200916722417
63;1.0;0.00023654653341509402
64;1.0;0.00022244968567974865
65;1.0;0.00020928792946506292
66;1.0;0.00019693623471539468
67;1.0;0.00018540656310506165
68;1.0;0.00017464530537836254
69;1.0;0.00016452740237582475
70;1.0;0.00015513629477936774
71;1.0;0.0001462455838918686
72;1.0;0.0001379327877657488
73;1.0;0.00013015020522288978
74;1.0;0.00012283233809284866
75;1.0;0.00011591962538659573
76;1.0;0.00010950739670079201
77;1.0;0.00010342286986997351
78;1.0;9.766606672201306e-05
79;1.0;9.231443254975602e-05
80;1.0;8.729053661227226e-05
81;1.0;8.252284897025675e-05
82;1.0;7.805311179254204e-05
83;1.0;7.380980969173834e-05
84;1.0;6.985254731262103e-05
85;1.0;6.607999966945499e-05
86;1.0;6.254583422560245e-05
87;1.0;5.920831972616725e-05
88;1.0;5.607937782770023e-05
89;1.0;5.3099422075320035e-05
90;1.0;5.02803704875987e-05
91;1.0;4.765202174894512e-05
92;1.0;4.51190207968466e-05
93;1.0;4.2794614273589104e-05
94;1.0;4.052383155794814e-05
95;1.0;3.840800854959525e-05
96;1.0;3.64411789632868e-05
97;1.0;3.4539905755082145e-05
98;1.0;3.2728024962125346e-05
99;1.0;3.1059185857884586e-05
0;0.0714285746216774;1.982870101928711
1;0.2857142984867096;1.3310096263885498
2;0.2857142984867096;2.020836353302002
3;0.3571428656578064;2.6357173919677734
4;0.2142857164144516;1.7726805210113525
5;0.4285714328289032;1.1173856258392334
6;0.0714285746216774;2.498706340789795
7;0.4285714328289032;0.7241119146347046
8;1.0;0.38167911767959595
9;1.0;0.22138912975788116
10;1.0;0.14617760479450226
11;0.9285714030265808;0.12549085915088654
12;0.9285714030265808;0.1377635896205902
13;0.9285714030265808;0.08550821244716644
14;1.0;0.04874265938997269
15;1.0;0.028922459110617638
16;1.0;0.01906803995370865
17;1.0;0.01457851193845272
18;1.0;0.011690404266119003
19;1.0;0.009649952873587608
20;1.0;0.008136620745062828
21;1.0;0.006968236528337002
22;1.0;0.006041657645255327
23;1.0;0.0052881501615047455
24;1.0;0.0046647293493151665
25;1.0;0.004142960533499718
26;1.0;0.003699240507557988
27;1.0;0.003318214323371649
28;1.0;0.0029901196248829365
29;1.0;0.0027030534110963345
30;1.0;0.0024526366032660007
31;1.0;0.0022312067449092865
32;1.0;0.0020354355219751596
33;1.0;0.0018603054340928793
34;1.0;0.0017041601240634918
35;1.0;0.0015640737256035209
36;1.0;0.0014382842928171158
37;1.0;0.001324215205386281
38;1.0;0.0012213927693665028
39;1.0;0.0011275571305304766
40;1.0;0.001042754971422255
41;1.0;0.0009653425076976418
42;1.0;0.0008945728768594563
43;1.0;0.0008299784967675805
44;1.0;0.0007706211763434112
45;1.0;0.0007164069684222341
46;1.0;0.0006666472763754427
47;1.0;0.000620658160187304
48;1.0;0.0005784764070995152
49;1.0;0.0005394239560700953
50;1.0;0.000503441842738539
51;1.0;0.0004701854777522385
52;1.0;0.00043941670446656644
53;1.0;0.0004107906424906105
54;1.0;0.0003845161700155586
55;1.0;0.0003598369949031621
56;1.0;0.0003370809426996857
57;1.0;0.00031589079299010336
58;1.0;0.00029614163213409483
59;1.0;0.0002776846813503653
60;1.0;0.0002605915069580078
61;1.0;0.0002445941208861768
62;1.0;0.00022977610933594406
63;1.0;0.00021585143986158073
64;1.0;0.0002028321905527264
65;1.0;0.00019064685329794884
66;1.0;0.00017934912466444075
67;1.0;0.0001687007024884224
68;1.0;0.0001588327286299318
69;1.0;0.00014945323346182704
70;1.0;0.0001407052914146334
71;1.0;0.00013256502279546112
72;1.0;0.00012487758067436516
73;1.0;0.0001177144586108625
74;1.0;0.00011096244998043403
75;1.0;0.00010462159116286784
76;1.0;9.867993503576145e-05
77;1.0;9.31315662455745e-05
78;1.0;8.789305866230279e-05
79;1.0;8.295844600070268e-05
80;1.0;7.835753785911947e-05
81;1.0;7.401882612612098e-05
82;1.0;6.996019510552287e-05
83;1.0;6.609821866732091e-05
84;1.0;6.248057616176084e-05
85;1.0;5.907746890443377e-05
86;1.0;5.585313920164481e-05
87;1.0;5.279567631077953e-05
88;1.0;4.994679329684004e-05
89;1.0;4.7288624045904726e-05
90;1.0;4.475560490391217e-05
91;1.0;4.234773950884119e-05
92;1.0;4.0065024222712964e-05
93;1.0;3.797302633756772e-05
94;1.0;3.5910819860873744e-05
95;1.0;3.403337177587673e-05
96;1.0;3.225128602935001e-05
97;1.0;3.05109097098466e-05
98;1.0;2.8919539545313455e-05
99;1.0;2.73937239398947e-05
0;0.0;1.9815202951431274
1;0.5714285969734192;1.397037386894226
2;0.2857142984867096;2.3289175033569336
3;0.3571428656578064;2.3374552726745605
4;0.0714285746216774;2.483492612838745
5;0.5;0.9592410922050476
6;0.0;5.011395454406738
7;0.7142857313156128;0.7260305285453796
8;0.7142857313156128;0.47638702392578125
9;0.9285714030265808;0.33876529335975647
10;1.0;0.21420951187610626
11;1.0;0.11872714757919312
12;1.0;0.07781757414340973
13;1.0;0.06411278992891312
14;0.9285714030265808;0.09091291576623917
15;0.9285714030265808;0.16959968209266663
16;1.0;0.05831211805343628
17;1.0;0.025408897548913956
18;1.0;0.019740698859095573
19;1.0;0.016131553798913956
20;1.0;0.013522639870643616
21;1.0;0.01152703259140253
22;1.0;0.0099574513733387
23;1.0;0.008689201436936855
24;1.0;0.0076487017795443535
25;1.0;0.0067772953771054745
26;1.0;0.006043718662112951
27;1.0;0.005415814928710461
28;1.0;0.0048752715811133385
29;1.0;0.004405544139444828
30;1.0;0.003994294907897711
31;1.0;0.003632887499406934
32;1.0;0.0033135502599179745
33;1.0;0.003029708983376622
34;1.0;0.002776108682155609
35;1.0;0.0025493125431239605
36;1.0;0.0023457664065063
37;1.0;0.0021621971391141415
38;1.0;0.0019967842381447554
39;1.0;0.0018468445632606745
40;1.0;0.0017109105829149485
41;1.0;0.0015873375814408064
42;1.0;0.0014740844490006566
43;1.0;0.0013710552593693137
44;1.0;0.001276497496291995
45;1.0;0.0011899092933163047
46;1.0;0.0011099156690761447
47;1.0;0.0010364835616201162
48;1.0;0.000968342530541122
49;1.0;0.0009058161522261798
50;1.0;0.0008474006317555904
51;1.0;0.0007937222835607827
52;1.0;0.000743794662412256
53;1.0;0.0006973448907956481
54;1.0;0.0006542071932926774
55;1.0;0.0006142156198620796
56;1.0;0.0005767279653809965
57;1.0;0.0005418816581368446
58;1.0;0.0005091411876492202
59;1.0;0.0004789418017026037
60;1.0;0.0004505095421336591
61;1.0;0.00042404141277074814
62;1.0;0.00039906700840219855
63;1.0;0.0003758426755666733
64;1.0;0.00035413639852777123
65;1.0;0.0003336207300890237
66;1.0;0.0003144207876175642
67;1.0;0.00029641768196597695
68;1.0;0.0002795459295157343
69;1.0;0.0002638175792526454
70;1.0;0.0002488394675310701
71;1.0;0.0002348202542634681
72;1.0;0.0002216408320236951
73;1.0;0.0002091879432555288
74;1.0;0.00019761074509005994
75;1.0;0.0001865874364739284
76;1.0;0.00017620151629671454
77;1.0;0.00016647682059556246
78;1.0;0.00015729422739241272
79;1.0;0.00014865375123918056
80;1.0;0.0001405017974320799
81;1.0;0.00013283241423778236
82;1.0;0.0001256098912563175
83;1.0;0.00011869713489431888
84;1.0;0.00011227298818994313
85;1.0;0.00010616460349410772
86;1.0;0.0001004018122330308
87;1.0;9.496077836956829e-05
88;1.0;8.990707283373922e-05
89;1.0;8.504999277647585e-05
90;1.0;8.047893788898364e-05
91;1.0;7.61581541155465e-05
92;1.0;7.207573071355e-05
93;1.0;6.821974238846451e-05
94;1.0;6.459021096816286e-05
95;1.0;6.112753180786967e-05
96;1.0;5.790919385617599e-05
97;1.0;5.483983477461152e-05
98;1.0;5.1871775212930515e-05
99;1.0;4.917191108688712e-05
0;0.0714285746216774;1.9853849411010742
1;0.5714285969734192;1.3970237970352173
2;0.5;2.2525386810302734
3;0.0714285746216774;2.1651978492736816
4;0.2857142984867096;1.6915924549102783
5;0.6428571343421936;0.901759922504425
6;0.6428571343421936;0.5983350872993469
7;0.7857142686843872;0.4359203279018402
8;0.7857142686843872;0.34036657214164734
9;0.7857142686843872;0.4218776822090149
10;0.7857142686843872;0.5033434629440308
11;0.7857142686843872;0.35197269916534424
12;0.8571428656578064;0.24575789272785187
13;0.9285714030265808;0.15518902242183685
14;0.9285714030265808;0.11451530456542969
15;1.0;0.09096536040306091
16;0.9285714030265808;0.07545008510351181
17;0.9285714030265808;0.07021600753068924
18;0.9285714030265808;0.10694003105163574
19;0.9285714030265808;0.13335886597633362
20;0.9285714030265808;0.059826456010341644
21;1.0;0.03734830766916275
22;1.0;0.024076001718640327
23;1.0;0.0166128259152174
24;1.0;0.012509472668170929
25;1.0;0.00985955074429512
26;1.0;0.008019691333174706
27;1.0;0.006673512514680624
28;1.0;0.005643752403557301
29;1.0;0.004837074317038059
30;1.0;0.004188575781881809
31;1.0;0.0036575407721102238
32;1.0;0.0032179460395127535
33;1.0;0.0028496473096311092
34;1.0;0.0025371606461703777
35;1.0;0.0022692501079291105
36;1.0;0.002038405044004321
37;1.0;0.001837147050537169
38;1.0;0.0016614996129646897
39;1.0;0.0015075531555339694
40;1.0;0.0013717024121433496
41;1.0;0.0012509471271187067
42;1.0;0.0011431421153247356
43;1.0;0.001046878402121365
44;1.0;0.0009607380488887429
45;1.0;0.0008831112645566463
46;1.0;0.0008136716787703335
47;1.0;0.0007508560665883124
48;1.0;0.0006940577295608819
49;1.0;0.0006425483152270317
50;1.0;0.0005958849797025323
51;1.0;0.0005530881462618709
52;1.0;0.0005142250447534025
53;1.0;0.0004786248318850994
54;1.0;0.0004459136980585754
55;1.0;0.0004159080272074789
56;1.0;0.00038820382906123996
57;1.0;0.00036276603350415826
58;1.0;0.0003391365462448448
59;1.0;0.0003172860888298601
60;1.0;0.0002971375943161547
61;1.0;0.0002784114913083613
62;1.0;0.00026100673130713403
63;1.0;0.00024476865655742586
64;1.0;0.00022981059737503529
65;1.0;0.0002157395938411355
66;1.0;0.00020276420400477946
67;1.0;0.00019050331320613623
68;1.0;0.0001791893009794876
69;1.0;0.000168536338605918
70;1.0;0.00015853253717068583
71;1.0;0.00014927322627045214
72;1.0;0.0001405619113938883
73;1.0;0.00013245224545244128
74;1.0;0.00012475952098611742
75;1.0;0.00011762081703636795
76;1.0;0.00011092892236774787
77;1.0;0.00010460042540216818
78;1.0;9.87068415270187e-05
79;1.0;9.306942956754938e-05
80;1.0;8.783716475591063e-05
81;1.0;8.29266500659287e-05
82;1.0;7.83080977271311e-05
83;1.0;7.396959699690342e-05
84;1.0;6.988134555285797e-05
85;1.0;6.595991726499051e-05
86;1.0;6.236029730644077e-05
87;1.0;5.891559339943342e-05
88;1.0;5.566752952290699e-05
89;1.0;5.263995990389958e-05
90;1.0;4.9761369155021384e-05
91;1.0;4.704366801888682e-05
92;1.0;4.451071436051279e-05
93;1.0;4.212078056298196e-05
94;1.0;3.985003422712907e-05
95;1.0;3.772828131332062e-05
96;1.0;3.5701879824046046e-05
97;1.0;3.378274413989857e-05
98;1.0;3.1988769478630275e-05
99;1.0;3.0313985917018726e-05
0;0.0714285746216774;2.025482177734375
1;0.2857142984867096;1.3850237131118774
2;0.2857142984867096;1.8031305074691772
3;0.1428571492433548;2.6566107273101807
4;0.2857142984867096;2.070462703704834
5;0.4285714328289032;1.201974630355835
6;0.7142857313156128;0.5636506676673889
7;0.8571428656578064;0.3868218660354614
8;0.9285714030265808;0.351413369178772
9;0.8571428656578064;0.2554565966129303
10;0.7857142686843872;0.2507132589817047
11;0.9285714030265808;0.17615613341331482
12;1.0;0.09654293954372406
13;1.0;0.06648628413677216
14;1.0;0.04482444003224373
15;1.0;0.02591700851917267
16;1.0;0.014677275903522968
17;1.0;0.009596318937838078
18;1.0;0.007088020443916321
19;1.0;0.005611683242022991
20;1.0;0.00461303535848856
21;1.0;0.0038818083703517914
22;1.0;0.0033210336696356535
23;1.0;0.0028780612628906965
24;1.0;0.0025200366508215666
25;1.0;0.0022251822520047426
26;1.0;0.0019787605851888657
27;1.0;0.0017699201125651598
28;1.0;0.001591659733094275
29;1.0;0.0014375642640516162
30;1.0;0.0013034704606980085
31;1.0;0.0011858558282256126
32;1.0;0.0010818758746609092
33;1.0;0.0009896644623950124
34;1.0;0.0009072576649487019
35;1.0;0.0008326719398610294
36;1.0;0.0007651369087398052
37;1.0;0.0007038157200440764
38;1.0;0.0006489489460363984
39;1.0;0.0005998478154651821
40;1.0;0.0005558822304010391
41;1.0;0.0005159691791050136
42;1.0;0.000479656970128417
43;1.0;0.0004462848883122206
44;1.0;0.0004156450158916414
45;1.0;0.00038745783967897296
46;1.0;0.0003615389869082719
47;1.0;0.00033740029903128743
48;1.0;0.0003151909331791103
49;1.0;0.00029461324447765946
50;1.0;0.0002755540772341192
51;1.0;0.00025788857601583004
52;1.0;0.000241545305470936
53;1.0;0.0002262443013023585
54;1.0;0.00021199164621066302
55;1.0;0.00019877550948876888
56;1.0;0.000186488643521443
57;1.0;0.0001750715309754014
58;1.0;0.00016433355631306767
59;1.0;0.00015438793343491852
60;1.0;0.0001449844567105174
61;1.0;0.0001363555493298918
62;1.0;0.00012818537652492523
63;1.0;0.00012059912842232734
64;1.0;0.0001134776248363778
65;1.0;0.00010683877917472273
66;1.0;0.00010056934843305498
67;1.0;9.471106750424951e-05
68;1.0;8.927586895879358e-05
69;1.0;8.41266883071512e-05
70;1.0;7.934102177387103e-05
71;1.0;7.481755164917558e-05
72;1.0;7.058012124616653e-05
73;1.0;6.66048945276998e-05
74;1.0;6.287996075116098e-05
75;1.0;5.936957313679159e-05
76;1.0;5.606179547612555e-05
77;1.0;5.297452298691496e-05
78;1.0;5.002432226319797e-05
79;1.0;4.726482802652754e-05
80;1.0;4.465431993594393e-05
81;1.0;4.221665221848525e-05
82;1.0;3.9904130971990526e-05
83;1.0;3.7746565794805065e-05
84;1.0;3.5696277336683124e-05
85;1.0;3.377710891072638e-05
86;1.0;3.19473329000175e-05
87;1.0;3.0230799893615767e-05
88;1.0;2.861558459699154e-05
89;1.0;2.7089768991572782e-05
90;1.0;2.567123192420695e-05
91;1.0;2.430633503536228e-05
92;1.0;2.300700180057902e-05
93;1.0;2.181494710384868e-05
94;1.0;2.0652692910516635e-05
95;1.0;1.960368172149174e-05
96;1.0;1.8590431864140555e-05
97;1.0;1.7648704670136794e-05
98;1.0;1.6742738807806745e-05
99;1.0;1.5902332961559296e-05
0;0.0;2.0244064331054688
1;0.5714285969734192;1.4914093017578125
2;0.2857142984867096;2.9310340881347656
3;0.2857142984867096;2.5819778442382812
4;0.0714285746216774;2.325218915939331
5;0.6428571343421936;0.7903611660003662
6;0.5714285969734192;0.5111417770385742
7;0.7857142686843872;0.45441651344299316
8;0.8571428656578064;0.3594468832015991
9;0.8571428656578064;0.2734189033508301
10;1.0;0.15175822377204895
11;0.9285714030265808;0.11593039333820343
12;0.9285714030265808;0.07172428071498871
13;0.9285714030265808;0.08405349403619766
14;0.9285714030265808;0.1059982180595398
15;0.9285714030265808;0.0660923570394516
16;1.0;0.025302749127149582
17;1.0;0.015654264017939568
18;1.0;0.012001410126686096
19;1.0;0.009608778171241283
20;1.0;0.007908403873443604
21;1.0;0.006640783045440912
22;1.0;0.005662752315402031
23;1.0;0.004888519644737244
24;1.0;0.0042623719200491905
25;1.0;0.0037463451735675335
26;1.0;0.00331639451906085
27;1.0;0.0029513188637793064
28;1.0;0.002640620106831193
29;1.0;0.00237275124527514
30;1.0;0.0021403576247394085
31;1.0;0.0019369764486327767
32;1.0;0.0017581935971975327
33;1.0;0.0016003779601305723
34;1.0;0.0014600198483094573
35;1.0;0.0013346064370125532
36;1.0;0.0012231229338794947
37;1.0;0.001122411573305726
38;1.0;0.0010317766573280096
39;1.0;0.0009503031033091247
40;1.0;0.0008764259400777519
41;1.0;0.0008095588418655097
42;1.0;0.0007486045360565186
43;1.0;0.0006931661628186703
44;1.0;0.0006425611791200936
45;1.0;0.00059636274818331
46;1.0;0.0005540478741750121
47;1.0;0.0005150343058630824
48;1.0;0.0004794954729732126
49;1.0;0.0004464256053324789
50;1.0;0.0004162004333920777
51;1.0;0.0003881534212268889
52;1.0;0.00036229094257578254
53;1.0;0.0003384107258170843
54;1.0;0.00031620936351828277
55;1.0;0.00029562736744992435
56;1.0;0.00027661732747219503
57;1.0;0.00025887563242577016
58;1.0;0.00024242617655545473
59;1.0;0.00022722144785802811
60;1.0;0.00021292190649546683
61;1.0;0.00019964089733548462
62;1.0;0.0001872354478109628
63;1.0;0.00017575926904100925
64;1.0;0.00016500981291756034
65;1.0;0.0001549811422592029
66;1.0;0.00014556609676219523
67;1.0;0.00013684808800462633
68;1.0;0.00012860071728937328
69;1.0;0.00012097298167645931
70;1.0;0.00011380994692444801
71;1.0;0.00010710571950767189
72;1.0;0.00010084834502777085
73;1.0;9.496040001977235e-05
74;1.0;8.944784349296242e-05
75;1.0;8.432261529378593e-05
76;1.0;7.93939980212599e-05
77;1.0;7.492423901567236e-05
78;1.0;7.066899706842378e-05
79;1.0;6.665807450190187e-05
80;1.0;6.287360156420618e-05
81;1.0;5.9387100918684155e-05
82;1.0;5.6079363275785e-05
83;1.0;5.298020550981164e-05
84;1.0;5.0059832574333996e-05
85;1.0;4.729440115625039e-05
86;1.0;4.475544483284466e-05
87;1.0;4.227010867907666e-05
88;1.0;4.002317291451618e-05
89;1.0;3.781794657697901e-05
90;1.0;3.5821318306261674e-05
91;1.0;3.387831384316087e-05
92;1.0;3.20723993354477e-05
93;1.0;3.0367791623575613e-05
94;1.0;2.8770469725714065e-05
95;1.0;2.725658123381436e-05
96;1.0;2.580229556770064e-05
97;1.0;2.4461245629936457e-05
98;1.0;2.317979851795826e-05
99;1.0;2.1999670934746973e-05
0;0.0714285746216774;2.0240442752838135
1;0.6428571343421936;1.4123536348342896
2;0.2857142984867096;2.863544464111328
3;0.2857142984867096;3.214799404144287
4;0.0714285746216774;2.6802635192871094
5;0.0714285746216774;1.1073329448699951
6;0.6428571343421936;0.7336136102676392
7;0.7142857313156128;0.5523167252540588
8;0.7142857313156128;0.4439032971858978
9;0.7857142686843872;0.35365548729896545
10;0.8571428656578064;0.33169615268707275
11;0.8571428656578064;0.24681732058525085
12;0.8571428656578064;0.19122673571109772
13;0.7857142686843872;0.3347320556640625
14;0.7857142686843872;0.4236299395561218
15;0.8571428656578064;0.5594940185546875
16;1.0;0.14162468910217285
17;1.0;0.07997728139162064
18;1.0;0.05674194172024727
19;1.0;0.04203743487596512
20;1.0;0.03160737454891205
21;1.0;0.024373920634388924
22;1.0;0.018803296610713005
23;1.0;0.01492746639996767
24;1.0;0.012106219306588173
25;1.0;0.010035981424152851
26;1.0;0.008449172601103783
27;1.0;0.007202024571597576
28;1.0;0.006198744289577007
29;1.0;0.005374216474592686
30;1.0;0.004688961897045374
31;1.0;0.004115939140319824
32;1.0;0.0036345557309687138
33;1.0;0.0032285128254443407
34;1.0;0.002883965615183115
35;1.0;0.002589324489235878
36;1.0;0.0023364820517599583
37;1.0;0.002116625430062413
38;1.0;0.0019257466774433851
39;1.0;0.0017570831114426255
40;1.0;0.001608819467946887
41;1.0;0.0014768530381843448
42;1.0;0.0013594446936622262
43;1.0;0.0012534530833363533
44;1.0;0.0011587975313887
45;1.0;0.0010729043278843164
46;1.0;0.000994883244857192
47;1.0;0.0009239062783308327
48;1.0;0.0008591687073931098
49;1.0;0.0007999123772606254
50;1.0;0.0007454731385223567
51;1.0;0.0006956211291253567
52;1.0;0.0006495603593066335
53;1.0;0.0006070960080251098
54;1.0;0.0005674788262695074
55;1.0;0.0005310850101523101
56;1.0;0.0004973256727680564
57;1.0;0.0004656241799239069
58;1.0;0.0004364273918326944
59;1.0;0.00040901527972891927
60;1.0;0.00038368001696653664
61;1.0;0.0003598978801164776
62;1.0;0.0003378120600245893
63;1.0;0.00031708928872831166
64;1.0;0.0002978190314024687
65;1.0;0.0002796738699544221
66;1.0;0.0002628743532113731
67;1.0;0.0002470870385877788
68;1.0;0.00023222260642796755
69;1.0;0.00021843609283678234
70;1.0;0.000205447620828636
71;1.0;0.0001933107851073146
72;1.0;0.00018191247363574803
73;1.0;0.00017122893768828362
74;1.0;0.00016121852968353778
75;1.0;0.00015182759671006352
76;1.0;0.0001429787662345916
77;1.0;0.0001347494835499674
78;1.0;0.00012705640983767807
79;1.0;0.00011981015268247575
80;1.0;0.00011302861094009131
81;1.0;0.00010668202594388276
82;1.0;0.00010066310642287135
83;1.0;9.505532216280699e-05
84;1.0;8.977523975772783e-05
85;1.0;8.484077989123762e-05
86;1.0;8.013271872187033e-05
87;1.0;7.574643677799031e-05
88;1.0;7.161639223340899e-05
89;1.0;6.770681648049504e-05
90;1.0;6.399388803401962e-05
91;1.0;6.048952855053358e-05
92;1.0;5.718182001146488e-05
93;1.0;5.4124411690281704e-05
94;1.0;5.11742546223104e-05
95;1.0;4.8396923375548795e-05
96;1.0;4.581625762511976e-05
97;1.0;4.331902164267376e-05
98;1.0;4.0958853787742555e-05
99;1.0;3.8753634726163e-05
0;0.0;2.193185806274414
1;0.5555555820465088;1.680638074874878
2;0.2777777910232544;3.259803056716919
3;0.2777777910232544;3.0106964111328125
4;0.0555555559694767;2.5728354454040527
5;0.5555555820465088;1.012337327003479
6;0.6111111044883728;1.3500587940216064
7;0.7777777910232544;0.5757591128349304
8;0.9444444179534912;0.37959811091423035
9;0.8888888955116272;0.27215123176574707
10;0.8888888955116272;0.21032872796058655
11;0.8888888955116272;0.1616535186767578
12;0.9444444179534912;0.13003723323345184
13;0.9444444179534912;0.09394089877605438
14;0.9444444179534912;0.0856429934501648
15;0.9444444179534912;0.08095074445009232
16;1.0;0.0433134064078331
17;1.0;0.02465903013944626
18;1.0;0.01641502045094967
19;1.0;0.013158979825675488
20;1.0;0.010860240086913109
21;1.0;0.009140552021563053
22;1.0;0.007808457128703594
23;1.0;0.006750232540071011
24;1.0;0.005890019703656435
25;1.0;0.005182469263672829
26;1.0;0.0045919702388346195
27;1.0;0.004093015566468239
28;1.0;0.0036690018605440855
29;1.0;0.0033049944322556257
30;1.0;0.0029908192809671164
31;1.0;0.0027161359321326017
32;1.0;0.002474552486091852
33;1.0;0.0022615953348577023
34;1.0;0.002071534749120474
35;1.0;0.0019022146007046103
36;1.0;0.0017501211259514093
37;1.0;0.0016133810859173536
38;1.0;0.0014901390532031655
39;1.0;0.0013780146837234497
40;1.0;0.0012769341701641679
41;1.0;0.0011838641948997974
42;1.0;0.0010995566844940186
43;1.0;0.0010220651747658849
44;1.0;0.0009507786598987877
45;1.0;0.0008855044143274426
46;1.0;0.000825154478661716
47;1.0;0.0007697211112827063
48;1.0;0.0007184964488260448
49;1.0;0.0006708436994813383
50;1.0;0.000626906577963382
51;1.0;0.0005862621474079788
52;1.0;0.0005485393921844661
53;1.0;0.0005133866798132658
54;1.0;0.00048105217865668237
55;1.0;0.0004508979036472738
56;1.0;0.0004227670724503696
57;1.0;0.0003966265940107405
58;1.0;0.00037246718420647085
59;1.0;0.00034970298293046653
60;1.0;0.00032851059222593904
61;1.0;0.000308794726151973
62;1.0;0.000290307798422873
63;1.0;0.00027306898846291006
64;1.0;0.0002568734926171601
65;1.0;0.00024189292162191123
66;1.0;0.00022771270596422255
67;1.0;0.0002144997997675091
68;1.0;0.00020209213835187256
69;1.0;0.00019049456750508398
70;1.0;0.00017952600319404155
71;1.0;0.00016932473226916045
72;1.0;0.0001596762303961441
73;1.0;0.00015061393787618726
74;1.0;0.0001421187917003408
75;1.0;0.00013410026440396905
76;1.0;0.0001265440514544025
77;1.0;0.00011946925951633602
78;1.0;0.00011275194265181199
79;1.0;0.00010646837472449988
80;1.0;0.00010053279402200133
81;1.0;9.49785317061469e-05
82;1.0;8.969122427515686e-05
83;1.0;8.47519186208956e-05
84;1.0;8.005093695828691e-05
85;1.0;7.566938438685611e-05
86;1.0;7.151663157856092e-05
87;1.0;6.76070194458589e-05
88;1.0;6.39596109976992e-05
89;1.0;6.0488593589980155e-05
90;1.0;5.720827175537124e-05
91;1.0;5.410434823716059e-05
92;1.0;5.120542482472956e-05
93;1.0;4.845907096751034e-05
94;1.0;4.5870037865825e-05
95;1.0;4.3471725803101435e-05
96;1.0;4.11163127864711e-05
97;1.0;3.892300810548477e-05
98;1.0;3.686319541884586e-05
99;1.0;3.4922581107821316e-05
0;0.0;1.8453235626220703
1;0.4000000059604645;1.4982619285583496
2;0.20000000298023224;2.8799357414245605
3;0.2133333384990692;1.800119161605835
4;0.4399999976158142;1.4226185083389282
5;0.2266666740179062;1.2571903467178345
6;0.0;2.9933953285217285
7;0.013333333656191826;1.8455355167388916
8;0.4399999976158142;1.2835644483566284
9;0.4399999976158142;0.9866964817047119
10;0.4533333480358124;0.8631774187088013
11;0.5733333230018616;0.7413648366928101
12;0.6133333444595337;0.6794103980064392
13;0.6933333277702332;0.5764409303665161
14;0.653333306312561;0.49868616461753845
15;0.7599999904632568;0.44748082756996155
16;0.7200000286102295;0.421185165643692
17;0.7599999904632568;0.44676268100738525
18;0.7866666913032532;0.4076082110404968
19;0.7599999904632568;0.3780946135520935
20;0.8533333539962769;0.29874899983406067
21;0.8399999737739563;0.2642362117767334
22;0.8933333158493042;0.2286614030599594
23;0.9200000166893005;0.20807497203350067
24;0.9066666960716248;0.1960306614637375
25;0.8533333539962769;0.19565998017787933
26;0.8399999737739563;0.21823576092720032
27;0.8399999737739563;0.20919674634933472
28;0.8933333158493042;0.17332956194877625
29;0.9333333373069763;0.14635880291461945
30;0.9466666579246521;0.13247409462928772
31;0.9333333373069763;0.1238272488117218
32;0.9599999785423279;0.11452853679656982
33;0.9599999785423279;0.1108129471540451
34;0.9200000166893005;0.10598930716514587
35;0.9333333373069763;0.10187645256519318
36;0.9599999785423279;0.08895222842693329
37;0.9599999785423279;0.07075108587741852
38;1.0;0.060650333762168884
39;0.9866666793823242;0.05130879953503609
40;0.9866666793823242;0.04483650624752045
41;0.9733333587646484;0.04713054001331329
42;0.9733333587646484;0.04715478792786598
43;0.9866666793823242;0.03754271939396858
44;1.0;0.024002114310860634
45;1.0;0.014815700240433216
46;1.0;0.01052246056497097
47;1.0;0.008582479320466518
48;1.0;0.007320018019527197
49;1.0;0.006357516162097454
50;1.0;0.005577199161052704
51;1.0;0.004932602401822805
52;1.0;0.004390665329992771
53;1.0;0.003929604310542345
54;1.0;0.0035345337819308043
55;1.0;0.0031917791347950697
56;1.0;0.00289323297329247
57;1.0;0.0026309085078537464
58;1.0;0.0024001586716622114
59;1.0;0.0021957210265100002
60;1.0;0.0020150449126958847
61;1.0;0.0018473503878340125
62;1.0;0.0016987510025501251
63;1.0;0.0015638944460079074
64;1.0;0.0014414305333048105
65;1.0;0.0013309981441125274
66;1.0;0.0012312870239838958
67;1.0;0.0011389662977308035
68;1.0;0.0010556410998106003
69;1.0;0.0009800071129575372
70;1.0;0.000911354087293148
71;1.0;0.0008463510894216597
72;1.0;0.0007869404507800937
73;1.0;0.0007322824676521122
74;1.0;0.0006819235277362168
75;1.0;0.0006350914482027292
76;1.0;0.0005926651647314429
77;1.0;0.0005538183031603694
78;1.0;0.0005176027771085501
79;1.0;0.00048494813381694257
80;1.0;0.0004534792678896338
81;1.0;0.0004242493014317006
82;1.0;0.00039761929656378925
83;1.0;0.00037289128522388637
84;1.0;0.0003499441663734615
85;1.0;0.00032874959288164973
86;1.0;0.0003086065116804093
87;1.0;0.00029042348614893854
88;1.0;0.00027257276815362275
89;1.0;0.0002559457207098603
90;1.0;0.0002408466098131612
91;1.0;0.00022665051801595837
92;1.0;0.00021368580928537995
93;1.0;0.0002008443116210401
94;1.0;0.0001888045371742919
95;1.0;0.00017784493684303015
96;1.0;0.00016779793077148497
97;1.0;0.00015783733397256583
98;1.0;0.00014881344395689666
99;1.0;0.00014048878801986575
0;0.02666666731238365;1.844652533531189
1;0.3199999928474426;1.4876627922058105
2;0.20000000298023224;2.793666124343872
3;0.25333333015441895;1.699377417564392
4;0.1599999964237213;2.2256040573120117
5;0.20000000298023224;1.2421075105667114
6;0.23999999463558197;1.382050633430481
7;0.4533333480358124;0.9328724145889282
8;0.54666668176651;0.7620634436607361
9;0.6666666865348816;0.6349911093711853
10;0.6399999856948853;0.5726091265678406
11;0.5199999809265137;0.7191985249519348
12;0.6000000238418579;0.6153709888458252
13;0.746666669845581;0.4094288647174835
14;0.8266666531562805;0.33453384041786194
15;0.8666666746139526;0.2845273017883301
16;0.8399999737739563;0.2560249865055084
17;0.8533333539962769;0.23421801626682281
18;0.8399999737739563;0.22728632390499115
19;0.8533333539962769;0.2177991271018982
20;0.8666666746139526;0.20181748270988464
21;0.8799999952316284;0.181056946516037
22;0.8666666746139526;0.16897378861904144
23;0.8933333158493042;0.162558451294899
24;0.8933333158493042;0.16172927618026733
25;0.9066666960716248;0.137620210647583
26;0.9466666579246521;0.12082529067993164
27;0.9466666579246521;0.10483772307634354
28;0.9599999785423279;0.09321765601634979
29;0.9200000166893005;0.08613909780979156
30;0.9333333373069763;0.08680598437786102
31;0.9333333373069763;0.08656267821788788
32;0.9599999785423279;0.0829831063747406
33;0.9200000166893005;0.10176543146371841
34;0.9066666960716248;0.14304640889167786
35;0.9066666960716248;0.129240483045578
36;0.9866666793823242;0.05334509536623955
37;1.0;0.036741793155670166
38;1.0;0.02985873445868492
39;1.0;0.02478751540184021
40;1.0;0.020768875256180763
41;1.0;0.01748986914753914
42;1.0;0.01466789934784174
43;1.0;0.012315123341977596
44;1.0;0.010423132218420506
45;1.0;0.008949106559157372
46;1.0;0.007758326828479767
47;1.0;0.006742243189364672
48;1.0;0.00584520073607564
49;1.0;0.005095675587654114
50;1.0;0.004495035391300917
51;1.0;0.004004450049251318
52;1.0;0.003585539758205414
53;1.0;0.003223103005439043
54;1.0;0.002907549263909459
55;1.0;0.0026321408804506063
56;1.0;0.002390866866335273
57;1.0;0.002177617745473981
58;1.0;0.001988557167351246
59;1.0;0.0018202989595010877
60;1.0;0.0016698443796485662
61;1.0;0.0015345218125730753
62;1.0;0.0014124898007139564
63;1.0;0.001302188029512763
64;1.0;0.0012021501315757632
65;1.0;0.001111261430196464
66;1.0;0.001028210623189807
67;1.0;0.0009523281478323042
68;1.0;0.0008828502614051104
69;1.0;0.0008192748646251857
70;1.0;0.0007607797742821276
71;1.0;0.0007070109713822603
72;1.0;0.000657632015645504
73;1.0;0.0006118675228208303
74;1.0;0.0005698017193935812
75;1.0;0.0005310002597980201
76;1.0;0.0004950257134623826
77;1.0;0.0004618052626028657
78;1.0;0.0004310609365347773
79;1.0;0.00040259549859911203
80;1.0;0.0003761834232136607
81;1.0;0.00035170605406165123
82;1.0;0.0003289062005933374
83;1.0;0.0003077512956224382
84;1.0;0.0002880740212276578
85;1.0;0.0002697350864764303
86;1.0;0.00025270736659877
87;1.0;0.0002368247223785147
88;1.0;0.00022202169930096716
89;1.0;0.0002082416758639738
90;1.0;0.00019533031445462257
91;1.0;0.0001833124551922083
92;1.0;0.00017209658108185977
93;1.0;0.000161614254466258
94;1.0;0.0001518020435469225
95;1.0;0.0001426564995199442
96;1.0;0.00013407009828370064
97;1.0;0.0001260530698345974
98;1.0;0.00011855921184178442
99;1.0;0.00011151859507663175
